<updates>
    <update>
        <name>Foo</name>
        <description>This is mod_foo 1.0.1</description>
        <element>mod_foo</element>
        <type>module</type>
        <version>1.0.1</version>
        <downloads>
            <downloadurl type="full" format="zip">http://www.example.com/mod_foo_101.zip</downloadurl>
        </downloads>
        <maintainer>Foo Creator</maintainer>
        <maintainerurl>http://www.example.com</maintainerurl>
        <targetplatform name="joomla" version="4.0"/>
        <client>site</client>
    </update>
</updates>